,source,author,title,description,url,urlToImage,publishedAt,content
0,Financial Times,,Aberdeen warns of ‘dramatic’ undervaluations in China delistings,UK fund manager says Trump administration measures could hit $1tn in equity investments,https://www.ft.com/content/61ae716d-4a6d-4aa3-9435-1f9877ee0173,https://www.ft.com/__origami/service/image/v2/images/raw/https%3A%2F%2Fd1e00ek4ebabms.cloudfront.net%2Fproduction%2F288e9dec-0003-492f-89b5-dc20cc830d21.jpg?source=next-opengraph&fit=scale-down&width=900,2020-08-14T15:52:24.4560284Z,One of the UK's biggest asset managers has warned that investors could get a raw deal if the US goes ahead with plans to force Chinese companies off American exchanges unless they submit to audit ins… [+4022 chars]
1,Buzzfeed,"[{""@type"":""Person"",""name"":""Shelby Heinrich"",""url"":""https://www.buzzfeed.com/shelbyheinrich"",""jobTitle"":""BuzzFeed Staff""}]",Can You Guess The Disney Movie By Its Very First Frame?,Let's start at the beginning.,https://www.buzzfeed.com/shelbyheinrich/disney-movies-first-frame,"https://img.buzzfeed.com/buzzfeed-static/static/2020-08/13/19/enhanced/fa4a86ed67a6/original-14777-1597347954-15.jpg?crop=1243:650;7,64%26downsize=1250:*",2020-08-14T15:52:20.5351297Z,Let's start at the beginning.
2,Financial Times,,Billionaire Packer’s gaming outfit in high-stakes skyscraper gamble,Critics say Crown Resorts’ luxury Sydney casino development risks becoming white elephant,https://www.ft.com/content/5aa1e2c8-f51a-4b39-8eaa-1266f5975b04,https://www.ft.com/__origami/service/image/v2/images/raw/https%3A%2F%2Fd1e00ek4ebabms.cloudfront.net%2Fproduction%2F01dc19bb-5b7b-44fe-9b88-093ec36cb495.jpg?source=next-opengraph&fit=scale-down&width=900,2020-08-14T15:52:19.3010617Z,It will be one of Sydney’s tallest residential buildings with sweeping views of the world-famous harbour and opera house. It hosts a luxury hotel and a VIP casino — and the penthouse can be yours for… [+5552 chars]
3,Fox News,Fox News,"US seizure of Iran fuel bound for Venezuela was largest confiscation of its kind ever, DOJ confirms","The Justice Department (DOJ) on Friday announced the U.S. government’s “largest-ever” seizure of fuel shipments from Iran in a successful disruption of a multimillion-dollar shipment by the Islamic Revolutionary Guard Corps, a designated foreign terrorist org…",https://www.foxnews.com/politics/us-seizure-of-iran-fuel-bound-for-venezuela-was-largest-confiscation-of-its-kind-ever-doj-confirms,https://cf-images.us-east-1.prod.boltdns.net/v1/static/694940094001/fc80dbbc-1e92-472c-8639-084114ebad3b/c0d714bf-1950-4475-9594-3fc5962a8ab3/1280x720/match/image.jpg,2020-08-14T15:52:18.8011864Z,The Justice Department (DOJ) on Friday announced the U.S. government’s “largest-ever” seizure of fuel shipments from Iran in a successful disruption of a multimillion-dollar shipment by the Islamic R… [+2643 chars]
4,Hacker News,,"I Love MDN, or the cult of the free in action",,https://www.quirksmode.org/blog/archives/2020/08/i_love_mdn_or_t.html,,2020-08-14T15:52:05.9606309Z,"Yesterday or so a new initiative I Love MDN was unveiled. People can show their appreciation for the MDN staff and volunteers by leaving a comment.
I have a difficult message about this initiative. … [+7909 chars]"
5,Business Insider,Graham Rapier,A five-person startup says Apple is 'bullying' it over its fruit-shaped logo - Business Insider,The startup says its fighting back on behalf of all small companies similarly strong-armed by the tech giant.,http://www.businessinsider.com/prepear-food-startup-says-apple-bullying-over-fruit-logo-2020-8,https://i.insider.com/5f36a7f3e89ebf001f04490a?width=1200&format=jpeg,2020-08-14T15:50:30Z,"Fruits can be confusing, if you ask Apple.
The tech giant is fighting a trademark filed by Prepear, a five-person food website, over its pear-shaped logo.
In a ""notice of opposition"" filed with the… [+3411 chars]"
6,Business Insider (UK),Graham Rapier,A five-person startup says Apple is 'bullying' it over its fruit-shaped logo - Business Insider,The startup says its fighting back on behalf of all small companies similarly strong-armed by the tech giant.,http://uk.businessinsider.com/prepear-food-startup-says-apple-bullying-over-fruit-logo-2020-8,https://i.insider.com/5f36a7f3e89ebf001f04490a?width=1200&format=jpeg,2020-08-14T15:50:30Z,"Fruits can be confusing, if you ask Apple.
The tech giant is fighting a trademark filed by Prepear, a five-person food website, over its pear-shaped logo.
In a ""notice of opposition"" filed with the… [+3411 chars]"
7,Ars Technica,Scott K. Johnson,Tesla research partnership progresses on new battery chemistry,"Lithium metal batteries could increase EV range, but longevity must improve.",https://arstechnica.com/science/2020/08/tesla-research-partnership-progresses-on-new-battery-chemistry/,https://cdn.arstechnica.net/wp-content/uploads/2020/08/lithium_battery_dahns_tesla_anode_free-5-760x380.jpg,2020-08-14T15:45:13+00:00,"Enlarge/ Here's what the lithium deposited at the anode looks like under a scanning electron microscope. Full charge in top row, depleted charge in bottom row.
1 with 1 posters participating
Electr… [+4981 chars]"
8,TalkSport,talkSPORT,Arsenal appear to troll their own fans with ‘big news’ at 14:14… but it had nothing to with Pierre-Emerick Aub,,https://talksport.com/football/745770/arsenal-fans-trolled-news-twitter-pierre-emerick-aubameyang-willian-contract-shirt-number/,https://talksport.com/wp-content/uploads/sites/5/2020/08/talksport-arsenal.jpg?strip=all&quality=100&w=1200&h=800&crop=1,2020-08-14T15:44:38Z,"Arsenal made a ‘big announcement’ on social media on Friday afternoon – but it wasn’t one which went down very well with supporters.
The Gunners teased their fan base that some big news would be rev… [+2913 chars]"
9,The Hill,Peter Sullivan,Obama blasts Trump decision-making on coronavirus | TheHill,Former President Barack Obama said in a podcast released Friday that President Trump made “terrib...,http://thehill.com/policy/healthcare/512030-obama-blasts-trump-decision-making-on-coronavirus,https://thehill.com/sites/default/files/obamabarack_trumpdonald_051820getty_split.jpg,2020-08-14T15:40:34Z,"Former President Barack ObamaBarack Hussein ObamaUS blocking private charter flights to CubaBiden, Harris to address Democratic convention from Chase Center in DelawareKamala Harris is now under the … [+2739 chars]"
10,CNN,,Keilar: Dr. Atlas wouldn't know science if it kicked him in the Atlas - CNN Video,"Months into the coronavirus pandemic, President Donald Trump announced Dr. Scott Atlas as a medical adviser for the White House coronavirus task force. CNN's Brianna Keilar breaks down Dr. Atlas's controversial stance on Covid-19.",http://us.cnn.com/videos/politics/2020/08/13/brianna-keilar-fact-check-trump-new-coronavirus-adviser-scott-atlas-crn-vpx.cnn,https://cdn.cnn.com/cnnnext/dam/assets/200813142002-brianna-keilar-super-tease.jpg,2020-08-14T15:37:53.7866103Z,Chat with us in Facebook Messenger. Find out what's happening in the world as it unfolds.
11,ABC News,LARRY NEUMEISTER Associated Press,R. Kelly's manager charged with phone threats to theater,,https://abcnews.go.com/Entertainment/wireStory/kellys-manager-charged-phone-threats-theater-72376305,https://s.abcnews.com/images/Entertainment/WireAP_733c38e9f3da430485dbbad7e8d41267_16x9_992.jpg,2020-08-14T15:37:52Z,"NEW YORK -- 
R. Kelly's manager has been arrested on charges that he threatened a shooting at a Manhattan theater two years ago, forcing an evacuation and the cancellation of the screening of a docu… [+2231 chars]"
12,BBC Sport,BBC Sport,ATP Finals to be without fans in November,The ATP Tour Finals will be played behind closed doors in November unless government guidelines change.,http://www.bbc.co.uk/sport/tennis/53784959,https://ichef.bbci.co.uk/live-experience/cps/624/cpsprodpb/17A4C/production/_113944869_stefanostsitsipas.jpg,2020-08-14T15:37:48.2411159Z,"Stefanos Tsitsipas won last year's ATP Tour Finals
The ATP Tour Finals will be played behind closed doors in November. 
The season-ending tournament, which features the best eight singles players a… [+1257 chars]"
13,Financial Times,,‘Something is ending’: German towns braced for US military exit,The thought of troops leaving one of the largest overseas American bases in the world brings mixed feelings,https://www.ft.com/content/391f4df8-b3de-485c-94f4-dd4dd57d833b,https://www.ft.com/__origami/service/image/v2/images/raw/https%3A%2F%2Fd1e00ek4ebabms.cloudfront.net%2Fproduction%2Fec810d43-873d-4869-bc52-03571e628c37.jpg?source=next-opengraph&fit=scale-down&width=900,2020-08-14T15:37:37.2750946Z,"Nearly everyone in the Bavarian towns around the army base has a favourite childhood memory of the US soldiers.
One councillor in Vilseck recalls pilfering beers for cadets, in exchange for sugary A… [+5028 chars]"
14,Buzzfeed,"[{""@type"":""Person"",""name"":""hannahhannah"",""url"":""https://www.buzzfeed.com/han_38"",""jobTitle"":""Community Contributor""}]",How Popular Are Your GOT7 Opinions?,"Is ""Stop Stop It"" the group's best song? ",https://www.buzzfeed.com/han_38/how-popular-are-your-got7-opinions-atl4akdp5v,"https://img.buzzfeed.com/buzzfeed-static/static/2020-08/12/19/enhanced/38465078a9a8/original-12400-1597259219-27.jpg?crop=1246:652;3,61%26downsize=1250:*",2020-08-14T15:37:34.9944117Z,"And finally, what's your favorite b-side?"
15,Financial Times,,European banks lose appetite for commodity trade financing,"ABN Amro and BNP Paribas are retreating amid a series of scandals, large losses and rising regulation",https://www.ft.com/content/a61cb821-edaf-41b5-b7dd-f667f3eab81b,https://www.ft.com/__origami/service/image/v2/images/raw/https%3A%2F%2Fd1e00ek4ebabms.cloudfront.net%2Fproduction%2F5f68941b-6728-44ab-9057-be3818e5e66f.jpg?source=next-opengraph&fit=scale-down&width=900,2020-08-14T15:37:34.681989Z,"Some of Europe’s biggest banks are turning their backs on the business of financing the global market in raw materials, amid a series of scandals, large losses and increasing regulation.
This week A… [+6170 chars]"
16,BBC Sport,BBC Sport,Can Man Utd sign both Sancho & Grealish?,BBC Sport's Liam Loftus catches up with Manchester United fan Adam McKola from fan channel Stretford Paddock to discuss the Red Devils' potential transfers including Jadon Sancho.,http://www.bbc.co.uk/sport/av/football/53771621,https://ichef.bbci.co.uk/live-experience/cps/624/cpsprodpb/16BB9/production/_113931139_p08nkl6l.jpg,2020-08-14T15:37:33.2604701Z,"Liam Loftus catches up with Manchester United fan Adam McKola from fan channel Stretford Paddock to discuss the Red Devils' potential transfers including Jadon Sancho and Jack Grealish.
READ MORE: T… [+31 chars]"
17,Next Big Future,Brian Wang,energy,,https://www.nextbigfuture.com/tag/energy,,2020-08-14T15:37:28.1211217Z,"energy
China National Nuclear Corporation (CNNC) successfully completed a 100 percent power manual emergency shutdown test of the China Experimental Fast Reactor (CEFR) on July 31. CEFR is a 65 MW t… [+2221 chars]"
18,CBC News,CBC News,"Legal problems will follow Trump after White House exit, former lawyer claims in upcoming book | CBC News","Michael Cohen's memoir about U.S. President Donald Trump will be released Sept. 8 by Skyhorse Publishing, which confirmed the news on Thursday.",http://www.cbc.ca/news/world/cohen-trump-disloyal-book-1.5686187,https://i.cbc.ca/1.5686192.1597406984!/fileImage/httpImage/image.jpg_gen/derivatives/16x9_620/books-michael-cohen.jpg,2020-08-14T15:37:26.2153463Z,"Michael Cohen's memoir about U.S. President Donald Trump will be released Sept. 8 by Skyhorse Publishing, which confirmed the news Thursday to The Associated Press.
The book is called Disloyal: The … [+2883 chars]"
19,Financial Times,,Ripped chemical bags added to risk of Beirut blast,"By 2014 more than half of the sacks of explosive ammonium nitrate were torn, documents show",https://www.ft.com/content/7d56501d-67c0-4a18-94f1-24b9ffd0acc9,https://www.ft.com/__origami/service/image/v2/images/raw/https%3A%2F%2Fd1e00ek4ebabms.cloudfront.net%2Fproduction%2F54c91d80-1f40-47ae-b071-0cd2c8db27a0.jpg?source=next-opengraph&fit=scale-down&width=900,2020-08-14T15:37:25.3093229Z,"Lebanese officials knew that more than half the bags of a 2,750-tonne stockpile of ammonium nitrate that caused a deadly explosion in Beirut were damaged six years ago, but took no action to dispose … [+7630 chars]"
20,CBC News,CBC News,"Belching, farting and jackhammering 'bad neighbour' earns rebuke from B.C. judge | CBC News","He belched, he farted and he jackhammered his way into the nightmares of the couple next door. Now a B.C. provincial court judge says Reno Pellegrin will have to pay the price for being a ""bad neighbour.""",http://www.cbc.ca/news/canada/british-columbia/bad-neighbour-wall-battle-1.5685737,https://i.cbc.ca/1.5685806.1597409290!/fileImage/httpImage/image.JPG_gen/derivatives/16x9_620/john-wheeldon-retaining-wall.JPG,2020-08-14T15:37:24.2627074Z,"He belched, he farted and he jackhammered his way into the nightmares of the couple next door.
Now, a B.C. provincial court judge says a Campbell River man must pay the price for being a ""bad neighb… [+4879 chars]"
21,Financial Times,,Israel and United Arab Emirates strike historic peace accord,Netanyahu to suspend annexing parts of occupied West Bank under US-brokered deal,https://www.ft.com/content/2712a625-e2d4-41f3-9ef1-536d0700cbb8,https://www.ft.com/__origami/service/image/v2/images/raw/https%3A%2F%2Fd1e00ek4ebabms.cloudfront.net%2Fproduction%2Fca0da232-4952-4f92-8478-4100e2b4c359.jpg?source=next-opengraph&fit=scale-down&width=900,2020-08-14T15:37:19.1389821Z,"Israel and the United Arab Emirates have reached a historic peace deal that will normalise diplomatic relations between the Jewish state and the Gulf nation.
The agreement, which the US helped broke… [+5506 chars]"
22,Buzzfeed,Tomi Obaro,Is Being A Parent Right Now Driving You Up The Wall?,BuzzFeed News wants to hear from you!,https://www.buzzfeednews.com/article/tomiobaro/being-a-parent-right-now-is-hard,https://img.buzzfeed.com/buzzfeed-static/static/2020-08/14/15/campaign_images/38465078a9a8/is-being-a-parent-right-now-driving-you-up-the-wa-2-16508-1597418669-8_dblbig.jpg,2020-08-14T15:37:18.2954421Z,Whether youre an essential worker terrified of bringing the virus home to your kids or lucky enough to be able to work from home but struggling to balance work with childcare its an interesting time … [+518 chars]
23,CBC News,CBC News,Canada-U.S. border will remain closed until September 21 | CBC News,Public Safety Minister Bill Blair announced Friday that the federal government will extend the Canada-U.S. land border closure for another 30 days until September 21.,http://www.cbc.ca/news/politics/canada-us-border-closure-september-21-1.5686475,https://i.cbc.ca/1.5264539.1597419095!/fileImage/httpImage/image.jpg_gen/derivatives/16x9_620/duty-free-impact-20180119.jpg,2020-08-14T15:37:18.0611255Z,"Public Safety Minister Bill Blair announced Friday that the federal government will extend the Canada-U.S. land border closure for another 30 days until September 21.
The closure to non-essential tr… [+1057 chars]"
24,Breitbart News,AP,"Trump's younger brother, Robert, is hospitalized in New York - Breitbart","The White House says President Donald Trump’s younger brother, Robert Trump, has been hospitalized in New York Trump's younger brother, Robert, is",http://www.breitbart.com/news/trumps-younger-brother-robert-is-hospitalized-in-new-york/,https://media.breitbart.com/media/2020/08/wi/ap/14/virus-outbreak-trump-president-donald-trump-arrives-speak-at-news-conference-james-brady-press-640x335.jpg,2020-08-14T15:37:16.0303808Z,"The White House says President Donald Trump’s younger brother, Robert Trump, has been hospitalized in New York
Trump’s younger brother, Robert, is hospitalized in New YorkBy AAMER MADHANIAssociated … [+1088 chars]"
25,CBS News,Kate Gibson,FDA warns consumers of another possible toxin in hand sanitizers,Federal regulators have flagged nearly 150 products to avoid because they may contain 1-propanol or methanol.,https://www.cbsnews.com/news/toxic-hand-sanitizer-fda-warning-1-propanol/,https://cbsnews1.cbsistatic.com/hub/i/r/2020/07/25/82134eaf-ad82-4cf0-a392-3916d16fdef5/thumbnail/1200x630/7a49b5ca5447ff7a9f364e088461c2ee/hand-sanitizer.jpg,2020-08-14T15:34:38+00:00,The U.S. Food and Drug Administration is warning of another potentially dangerous substance in some hand sanitizers. Certain products — including those made by Harmonic Nature in Mexico — were found … [+2401 chars]
26,News24,,"Lights on over the weekend, says Eskom",Eskom has said it now has enough generating capacity to keep the lights on throughout the weekend.,https://www.news24.com/fin24/Economy/Eskom/lights-on-over-the-weekend-says-eskom-20200814,https://cdn.24.co.za/files/Cms/General/d/8205/a4e55ab24dfc4ca2bfbdb1e57a6f8606.jpg,2020-08-14T15:33:43+00:00,"Eskom has downgraded the intensity of loadshedding to stage 1 from 5pm and expects to not implement blackouts during the weekend.
The power utility said thanks to successful return to service of thr… [+738 chars]"
27,TechCrunch,Megan Rose Dickey,"A beginner's guide to diversity, equity and inclusion","After Minneapolis police killed George Floyd and the subsequent racial justice uprising, many people in tech shouted from the rooftops that “Black Lives Matter,” despite having subpar representation of Black and Latinx folks at their companies. In some cases,…",https://techcrunch.com/2020/08/14/diversity-equity-inclusion-overview/,https://techcrunch.com/wp-content/uploads/2019/06/diversity-playbook.png?w=753,2020-08-14T15:30:44Z,"After Minneapolis police killed George Floyd and the subsequent racial justice uprising, many people in tech shouted from the rooftops that Black Lives Matter, despite having subpar representation of… [+6253 chars]"
28,Next Big Future,Brian Wang,China Fast Nuclear Reactor Progressing Towards Commercial Operation,China National Nuclear Corporation (CNNC) successfully completed a 100 percent power manual emergency shutdown,https://www.nextbigfuture.com/2020/08/china-fast-nuclear-reactor-progressing-towards-commercial-operation.html,https://www.nextbigfuture.com/wp-content/uploads/2020/08/cefr.jpg,2020-08-14T15:30:01Z,"China National Nuclear Corporation (CNNC) successfully completed a 100 percent power manual emergency shutdown test of the China Experimental Fast Reactor (CEFR) on July 31.
CEFR is a 65 MW thermal,… [+1327 chars]"
29,USA Today,,"President Trump's brother Robert is hospitalized amid reports he is 'very ill,' White House says","Trump is expected to travel to New Jersey this weekend but it was unclear whether he would visit Robert Trump, reportedly hospitalized in New York.",https://www.usatoday.com/story/news/politics/2020/08/14/trumps-brother-robert-trump-admitted-hospital-white-house-says/3374790001/,"https://www.gannett-cdn.com/presto/2020/08/14/USAT/fff01a24-75ad-4a9c-b248-0fa309a6e9f8-Robert_Trump.jpg?crop=2909,1637,x0,y0&width=1600&height=800&fit=bounds",2020-08-14T15:29:16+00:00,"President Trump said he was surprised by Joe Biden's vice presidential nominee Kamala Harris saying she was, ""very very nasty.""
Associated Press
WASHINGTON President Donald Trump's brother Robert h… [+1526 chars]"
30,ABC News,The Associated Press,3 Mississippi police officers indicted in death of Black man,,https://abcnews.go.com/US/wireStory/mississippi-police-officers-indicted-death-black-man-72376306,https://s.abcnews.com/images/US/ABC_News_Daily_Clean_v01_DP_hpMain_16x9_992.jpg,2020-08-14T15:28:46Z,"JACKSON, Miss. -- 
Three Mississippi police officers have been charged with second-degree murder in the death of a Black man last year, according to a recently unsealed indictment.
A Hinds County g… [+1422 chars]"
31,Polygon,Austen Goslin,Apex Legends season 6 gameplay trailer shows off Rampart and new map changes,"The new trailer for Apex Legends season 6 gives us our first look at the gameplay for the new season, including the new skins in the battle pass, Ramparts’ abilities, some new map changes, and even a possible tease about the game’s future.",https://www.polygon.com/2020/8/14/21368779/apex-legends-season-6-gameplay-trailer-rampart-abilities-worlds-edge-map-changes,https://cdn.vox-cdn.com/thumbor/eX8iaxpvz7V3fCQUdEFPjb1MAiw=/0x0:1753x918/fit-in/1200x630/cdn.vox-cdn.com/uploads/chorus_asset/file/21759984/s6_battle_pass.jpg,2020-08-14T15:26:23Z,Something big is on the horizon
32,ABC News,Ella Torres,"Lake Fire burns 11,000 acres with dangerous conditions ahead",,https://abcnews.go.com/US/lake-fire-burns-11000-acres-dangerous-conditions-ahead/story?id=72371371,https://s.abcnews.com/images/US/lake-fire-smoke-gty-ps-200914_1597417203366_hpMain_16x9_992.jpg,2020-08-14T15:25:05Z,"A wildfire that broke out in Los Angeles earlier this week has spread to 11,000 acres as of Friday, according to authorities.
The Lake Fire, which grew to 10,000 acres in just a few hours on Wednesd… [+886 chars]"
33,NBC News,Pete Williams,"Acting DHS chief Wolf and senior aide Cuccinelli not legally qualified to hold their jobs, congressional watchdog says","Acting Homeland Secretary Chad Wolf and Ken Cuccinelli, who is performing deputy secretary duties, are not legally qualified to hold their positions, the GAO said.",https://www.nbcnews.com/politics/politics-news/congressional-watchdog-finds-acting-dhs-chief-wolf-senior-aide-cuccinelli-n1236735,https://media4.s-nbcnews.com/j/newscms/2020_33/3404579/200814-2x1-split-chad-wolf-ken-cuccinelli-ew-1047a_def9c7855d2bc659487e56ebca834ea5.nbcnews-fp-1200-630.jpg,2020-08-14T15:24:00Z,"The top two officials at the Department of Homeland Security, acting Secretary Chad Wolf and Ken Cuccinelli, the senior official performing the duties of deputy secretary, are not legally qualified t… [+2734 chars]"
34,CBC News,CBC News,"Despite challenging weather conditions, crews make progress on Red Lake, Ont., forest fire | CBC News","People from Red Lake Ont., continue to be dispersed throughout the northwestern region as a forest fire, about two kilometres outside of the town, rages on.",http://www.cbc.ca/news/canada/thunder-bay/red-lake-evacuated-crews-progress-1.5686257,https://i.cbc.ca/1.4788064.1594645510!/fileImage/httpImage/image.jpg_gen/derivatives/16x9_620/ontario-forest-fires-water-bomber.jpg,2020-08-14T15:22:24.8031448Z,"Members of the community of Red Lake Ont., continue to be dispersed throughout the northwestern Ontario region as a forest fire, about two kilometres outside of the town, rages on.
Despite challengi… [+2693 chars]"
35,Engadget,,Google stops responding to data requests from Hong Kong authorities,Google will no longer respond directly to data requests from Hong Kong authorities.,https://www.engadget.com/google-hong-kong-stops-data-requests-134700801.html?utm_campaign=homepage&amp;utm_medium=internal&amp;utm_source=dl,https://o.aolcdn.com/images/dims?resize=1200%2C630&crop=1200%2C630%2C0%2C0&quality=95&image_uri=https%3A%2F%2Fs.yimg.com%2Fos%2Fcreatr-uploaded-images%2F2020-08%2Fbdae8150-de33-11ea-bbbf-7f0a8743e204&client=amp-blogside-v2&signature=96f56a5545f741e9fe6380051934ad7586ec63f4,2020-08-14T15:22:23.6784234Z,"Until recently, Hong Kong has had an open and free internet, unlike mainland China. Some fear the law has the ability to make individuals and companies remove content. As The Washington Post explains… [+381 chars]"
36,Buzzfeed,"[{""@type"":""Person"",""name"":""Melissa Jameson"",""url"":""https://www.buzzfeed.com/melissaharrison"",""jobTitle"":""BuzzFeed Staff""}]",Here's What Costco Food Courts Serve All Around The World,"I'm fascinated by this, TBH.",https://www.buzzfeed.com/melissaharrison/costco-food-court-menus,"https://img.buzzfeed.com/buzzfeed-static/static/2020-08/13/16/enhanced/09b838f626cd/original-14254-1597335449-9.jpg?crop=2984:1562;13,0%26downsize=1250:*",2020-08-14T15:22:23.6003178Z,"@thatonehungrychick / Via instagram.comThough some US locations removed churros from their food court menus last year, there are rumors they're testing again at select stores and coming back later in… [+5 chars]"
37,CBC News,CBC News,Health officials to provide projections for COVID-19 in Canada | CBC News,Federal health officials will provide projections today on the number of COVID-19 cases in Canada.,http://www.cbc.ca/news/politics/covid19-pandemic-modelling-tam-1.5686250,https://i.cbc.ca/1.5508591.1585095956!/cpImage/httpImage/image.jpg_gen/derivatives/16x9_620/covid-cda-20200324.jpg,2020-08-14T15:22:21.2571523Z,"Federal health officials will provide projections today on the number of COVID-19 cases in Canada.
Chief Public Health Officer Dr. Theresa Tam will hold a news conference in Ottawa beginning at noon… [+1191 chars]"
38,CBS News,Adam Brewster,"Wisconsin's August primaries viewed by state officials as ""good test run"" for November","However, ""in November it'll be about three to four times the scale of what we saw [Tuesday],"" said Claire Woodall-Vogg, the executive director of the city of Milwaukee Election Commission.",https://www.cbsnews.com/news/wisconsins-august-primaries-were-good-test-run-for-november/,https://cbsnews2.cbsistatic.com/hub/i/r/2020/08/13/e306197e-628d-4b4e-91ce-a973d36afb06/thumbnail/1200x630/07c98d4bd98d220432fd5711aa135cab/ap-20224710243219.jpg,2020-08-14T15:20:14+00:00,"Wisconsin's second statewide primaries, which took place Tuesday amid the coronavirus pandemic, went more smoothly than its April presidential primary, with few reported issues. 
It was far differen… [+6780 chars]"
39,Business Insider,Aaron Holmes,Apple made $360 million from 'Fortnite' in-app purchases - Business Insider,"Epic Games, the maker of ""Fortnite,"" sued Apple and Google on Thursday over their 30% commissions on in-app purchases.",http://www.businessinsider.com/apple-made-360-million-from-fortnite-in-app-purchases-2020-8,https://i.insider.com/5f369493e89ebf001f044870?width=1200&format=jpeg,2020-08-14T15:20:10Z,"Before Epic Games sued Apple over its App Store fees, it was a cash cow for the tech giant, bringing in $360 million in revenue for Apple through its ""Fortnite"" app alone.
A brewing conflict between… [+1931 chars]"
40,The Hill,Peter Sullivan,Obama blasts Trump decision-making on coronavirus | TheHill,Former President Barack Obama said in a podcast released Friday that President Trump made “terrib...,http://thehill.com/policy/healthcare/512030-obama-blasts-trump-decision-making-on-coronavirus,https://thehill.com/sites/default/files/obamabarack_trumpdonald_051820getty_split.jpg,2020-08-14T15:40:34Z,"Former President Barack ObamaBarack Hussein ObamaUS blocking private charter flights to CubaBiden, Harris to address Democratic convention from Chase Center in DelawareKamala Harris is now under the … [+2739 chars]"
41,CNN,,Keilar: Dr. Atlas wouldn't know science if it kicked him in the Atlas - CNN Video,"Months into the coronavirus pandemic, President Donald Trump announced Dr. Scott Atlas as a medical adviser for the White House coronavirus task force. CNN's Brianna Keilar breaks down Dr. Atlas's controversial stance on Covid-19.",http://us.cnn.com/videos/politics/2020/08/13/brianna-keilar-fact-check-trump-new-coronavirus-adviser-scott-atlas-crn-vpx.cnn,https://cdn.cnn.com/cnnnext/dam/assets/200813142002-brianna-keilar-super-tease.jpg,2020-08-14T15:37:53.7866103Z,Chat with us in Facebook Messenger. Find out what's happening in the world as it unfolds.
42,ABC News,LARRY NEUMEISTER Associated Press,R. Kelly's manager charged with phone threats to theater,,https://abcnews.go.com/Entertainment/wireStory/kellys-manager-charged-phone-threats-theater-72376305,https://s.abcnews.com/images/Entertainment/WireAP_733c38e9f3da430485dbbad7e8d41267_16x9_992.jpg,2020-08-14T15:37:52Z,"NEW YORK -- 
R. Kelly's manager has been arrested on charges that he threatened a shooting at a Manhattan theater two years ago, forcing an evacuation and the cancellation of the screening of a docu… [+2231 chars]"
43,Buzzfeed,"[{""@type"":""Person"",""name"":""hannahhannah"",""url"":""https://www.buzzfeed.com/han_38"",""jobTitle"":""Community Contributor""}]",How Popular Are Your GOT7 Opinions?,"Is ""Stop Stop It"" the group's best song? ",https://www.buzzfeed.com/han_38/how-popular-are-your-got7-opinions-atl4akdp5v,"https://img.buzzfeed.com/buzzfeed-static/static/2020-08/12/19/enhanced/38465078a9a8/original-12400-1597259219-27.jpg?crop=1246:652;3,61%26downsize=1250:*",2020-08-14T15:37:34.9944117Z,"And finally, what's your favorite b-side?"
44,BBC Sport,BBC Sport,Can Man Utd sign both Sancho & Grealish?,BBC Sport's Liam Loftus catches up with Manchester United fan Adam McKola from fan channel Stretford Paddock to discuss the Red Devils' potential transfers including Jadon Sancho.,http://www.bbc.co.uk/sport/av/football/53771621,https://ichef.bbci.co.uk/live-experience/cps/624/cpsprodpb/16BB9/production/_113931139_p08nkl6l.jpg,2020-08-14T15:37:33.2604701Z,"Liam Loftus catches up with Manchester United fan Adam McKola from fan channel Stretford Paddock to discuss the Red Devils' potential transfers including Jadon Sancho and Jack Grealish.
READ MORE: T… [+31 chars]"
45,Next Big Future,Brian Wang,energy,,https://www.nextbigfuture.com/tag/energy,,2020-08-14T15:37:28.1211217Z,"energy
China National Nuclear Corporation (CNNC) successfully completed a 100 percent power manual emergency shutdown test of the China Experimental Fast Reactor (CEFR) on July 31. CEFR is a 65 MW t… [+2221 chars]"
46,CBC News,CBC News,"Legal problems will follow Trump after White House exit, former lawyer claims in upcoming book | CBC News","Michael Cohen's memoir about U.S. President Donald Trump will be released Sept. 8 by Skyhorse Publishing, which confirmed the news on Thursday.",http://www.cbc.ca/news/world/cohen-trump-disloyal-book-1.5686187,https://i.cbc.ca/1.5686192.1597406984!/fileImage/httpImage/image.jpg_gen/derivatives/16x9_620/books-michael-cohen.jpg,2020-08-14T15:37:26.2153463Z,"Michael Cohen's memoir about U.S. President Donald Trump will be released Sept. 8 by Skyhorse Publishing, which confirmed the news Thursday to The Associated Press.
The book is called Disloyal: The … [+2883 chars]"
47,CBC News,CBC News,"Belching, farting and jackhammering 'bad neighbour' earns rebuke from B.C. judge | CBC News","He belched, he farted and he jackhammered his way into the nightmares of the couple next door. Now a B.C. provincial court judge says Reno Pellegrin will have to pay the price for being a ""bad neighbour.""",http://www.cbc.ca/news/canada/british-columbia/bad-neighbour-wall-battle-1.5685737,https://i.cbc.ca/1.5685806.1597409290!/fileImage/httpImage/image.JPG_gen/derivatives/16x9_620/john-wheeldon-retaining-wall.JPG,2020-08-14T15:37:24.2627074Z,"He belched, he farted and he jackhammered his way into the nightmares of the couple next door.
Now, a B.C. provincial court judge says a Campbell River man must pay the price for being a ""bad neighb… [+4879 chars]"
48,Buzzfeed,Tomi Obaro,Is Being A Parent Right Now Driving You Up The Wall?,BuzzFeed News wants to hear from you!,https://www.buzzfeednews.com/article/tomiobaro/being-a-parent-right-now-is-hard,https://img.buzzfeed.com/buzzfeed-static/static/2020-08/14/15/campaign_images/38465078a9a8/is-being-a-parent-right-now-driving-you-up-the-wa-2-16508-1597418669-8_dblbig.jpg,2020-08-14T15:37:18.2954421Z,Whether youre an essential worker terrified of bringing the virus home to your kids or lucky enough to be able to work from home but struggling to balance work with childcare its an interesting time … [+518 chars]
49,CBC News,CBC News,Canada-U.S. border will remain closed until September 21 | CBC News,Public Safety Minister Bill Blair announced Friday that the federal government will extend the Canada-U.S. land border closure for another 30 days until September 21.,http://www.cbc.ca/news/politics/canada-us-border-closure-september-21-1.5686475,https://i.cbc.ca/1.5264539.1597419095!/fileImage/httpImage/image.jpg_gen/derivatives/16x9_620/duty-free-impact-20180119.jpg,2020-08-14T15:37:18.0611255Z,"Public Safety Minister Bill Blair announced Friday that the federal government will extend the Canada-U.S. land border closure for another 30 days until September 21.
The closure to non-essential tr… [+1057 chars]"
50,Breitbart News,AP,"Trump's younger brother, Robert, is hospitalized in New York - Breitbart","The White House says President Donald Trump’s younger brother, Robert Trump, has been hospitalized in New York Trump's younger brother, Robert, is",http://www.breitbart.com/news/trumps-younger-brother-robert-is-hospitalized-in-new-york/,https://media.breitbart.com/media/2020/08/wi/ap/14/virus-outbreak-trump-president-donald-trump-arrives-speak-at-news-conference-james-brady-press-640x335.jpg,2020-08-14T15:37:16.0303808Z,"The White House says President Donald Trump’s younger brother, Robert Trump, has been hospitalized in New York
Trump’s younger brother, Robert, is hospitalized in New YorkBy AAMER MADHANIAssociated … [+1088 chars]"
51,News24,,"Lights on over the weekend, says Eskom",Eskom has said it now has enough generating capacity to keep the lights on throughout the weekend.,https://www.news24.com/fin24/Economy/Eskom/lights-on-over-the-weekend-says-eskom-20200814,https://cdn.24.co.za/files/Cms/General/d/8205/a4e55ab24dfc4ca2bfbdb1e57a6f8606.jpg,2020-08-14T15:33:43+00:00,"Eskom has downgraded the intensity of loadshedding to stage 1 from 5pm and expects to not implement blackouts during the weekend.
The power utility said thanks to successful return to service of thr… [+738 chars]"
52,TechCrunch,Megan Rose Dickey,"A beginner's guide to diversity, equity and inclusion","After Minneapolis police killed George Floyd and the subsequent racial justice uprising, many people in tech shouted from the rooftops that “Black Lives Matter,” despite having subpar representation of Black and Latinx folks at their companies. In some cases,…",https://techcrunch.com/2020/08/14/diversity-equity-inclusion-overview/,https://techcrunch.com/wp-content/uploads/2019/06/diversity-playbook.png?w=753,2020-08-14T15:30:44Z,"After Minneapolis police killed George Floyd and the subsequent racial justice uprising, many people in tech shouted from the rooftops that Black Lives Matter, despite having subpar representation of… [+6253 chars]"
53,Next Big Future,Brian Wang,China Fast Nuclear Reactor Progressing Towards Commercial Operation,China National Nuclear Corporation (CNNC) successfully completed a 100 percent power manual emergency shutdown,https://www.nextbigfuture.com/2020/08/china-fast-nuclear-reactor-progressing-towards-commercial-operation.html,https://www.nextbigfuture.com/wp-content/uploads/2020/08/cefr.jpg,2020-08-14T15:30:01Z,"China National Nuclear Corporation (CNNC) successfully completed a 100 percent power manual emergency shutdown test of the China Experimental Fast Reactor (CEFR) on July 31.
CEFR is a 65 MW thermal,… [+1327 chars]"
54,USA Today,,"President Trump's brother Robert is hospitalized amid reports he is 'very ill,' White House says","Trump is expected to travel to New Jersey this weekend but it was unclear whether he would visit Robert Trump, reportedly hospitalized in New York.",https://www.usatoday.com/story/news/politics/2020/08/14/trumps-brother-robert-trump-admitted-hospital-white-house-says/3374790001/,"https://www.gannett-cdn.com/presto/2020/08/14/USAT/fff01a24-75ad-4a9c-b248-0fa309a6e9f8-Robert_Trump.jpg?crop=2909,1637,x0,y0&width=1600&height=800&fit=bounds",2020-08-14T15:29:16+00:00,"President Trump said he was surprised by Joe Biden's vice presidential nominee Kamala Harris saying she was, ""very very nasty.""
Associated Press
WASHINGTON President Donald Trump's brother Robert h… [+1526 chars]"
55,ABC News,The Associated Press,3 Mississippi police officers indicted in death of Black man,,https://abcnews.go.com/US/wireStory/mississippi-police-officers-indicted-death-black-man-72376306,https://s.abcnews.com/images/US/ABC_News_Daily_Clean_v01_DP_hpMain_16x9_992.jpg,2020-08-14T15:28:46Z,"JACKSON, Miss. -- 
Three Mississippi police officers have been charged with second-degree murder in the death of a Black man last year, according to a recently unsealed indictment.
A Hinds County g… [+1422 chars]"
56,Polygon,Austen Goslin,Apex Legends season 6 gameplay trailer shows off Rampart and new map changes,"The new trailer for Apex Legends season 6 gives us our first look at the gameplay for the new season, including the new skins in the battle pass, Ramparts’ abilities, some new map changes, and even a possible tease about the game’s future.",https://www.polygon.com/2020/8/14/21368779/apex-legends-season-6-gameplay-trailer-rampart-abilities-worlds-edge-map-changes,https://cdn.vox-cdn.com/thumbor/eX8iaxpvz7V3fCQUdEFPjb1MAiw=/0x0:1753x918/fit-in/1200x630/cdn.vox-cdn.com/uploads/chorus_asset/file/21759984/s6_battle_pass.jpg,2020-08-14T15:26:23Z,Something big is on the horizon
57,ABC News,Ella Torres,"Lake Fire burns 11,000 acres with dangerous conditions ahead",,https://abcnews.go.com/US/lake-fire-burns-11000-acres-dangerous-conditions-ahead/story?id=72371371,https://s.abcnews.com/images/US/lake-fire-smoke-gty-ps-200914_1597417203366_hpMain_16x9_992.jpg,2020-08-14T15:25:05Z,"A wildfire that broke out in Los Angeles earlier this week has spread to 11,000 acres as of Friday, according to authorities.
The Lake Fire, which grew to 10,000 acres in just a few hours on Wednesd… [+886 chars]"
58,Google News,"Betsy Klein and Kevin Liptak, CNN",White House: Trump's brother hospitalized in New York,"Robert Trump, the younger brother of President Donald Trump, is hospitalized in New York, the White House confirmed Friday.",https://www.cnn.com/2020/08/14/politics/trump-brother-hospitalized/index.html,https://cdn.cnn.com/cnnnext/dam/assets/191027121926-05-robert-and-donald-trump-file-super-tease.jpg,2020-08-14T15:24:00+00:00,"(CNN)Robert Trump, the younger brother of President Donald Trump, is hospitalized in New York, the White House confirmed Friday.
Trump is expected to visit his brother Friday in New York, a source f… [+782 chars]"
59,Google News,Pete Williams,"Acting DHS chief Wolf and senior aide Cuccinelli not legally qualified to hold their jobs, congressional watchdog says","Acting Homeland Secretary Chad Wolf and Ken Cuccinelli, who is performing deputy secretary duties, are not legally qualified to hold their positions, the GAO said.",https://www.nbcnews.com/politics/politics-news/congressional-watchdog-finds-acting-dhs-chief-wolf-senior-aide-cuccinelli-n1236735,https://media1.s-nbcnews.com/j/newscms/2020_33/3402668/200806-chad-wolf-ew-235p_d270f105c059a0ad4f80dd0a01831c46.nbcnews-fp-1200-630.jpg,2020-08-14T15:24:00+00:00,"The top two officials at the Department of Homeland Security, acting Secretary Chad Wolf and Ken Cuccinelli, the senior official performing the duties of deputy secretary, are not legally qualified t… [+2734 chars]"
60,NBC News,Pete Williams,"Acting DHS chief Wolf and senior aide Cuccinelli not legally qualified to hold their jobs, congressional watchdog says","Acting Homeland Secretary Chad Wolf and Ken Cuccinelli, who is performing deputy secretary duties, are not legally qualified to hold their positions, the GAO said.",https://www.nbcnews.com/politics/politics-news/congressional-watchdog-finds-acting-dhs-chief-wolf-senior-aide-cuccinelli-n1236735,https://media4.s-nbcnews.com/j/newscms/2020_33/3404579/200814-2x1-split-chad-wolf-ken-cuccinelli-ew-1047a_def9c7855d2bc659487e56ebca834ea5.nbcnews-fp-1200-630.jpg,2020-08-14T15:24:00Z,"The top two officials at the Department of Homeland Security, acting Secretary Chad Wolf and Ken Cuccinelli, the senior official performing the duties of deputy secretary, are not legally qualified t… [+2734 chars]"
61,CBC News,CBC News,"Despite challenging weather conditions, crews make progress on Red Lake, Ont., forest fire | CBC News","People from Red Lake Ont., continue to be dispersed throughout the northwestern region as a forest fire, about two kilometres outside of the town, rages on.",http://www.cbc.ca/news/canada/thunder-bay/red-lake-evacuated-crews-progress-1.5686257,https://i.cbc.ca/1.4788064.1594645510!/fileImage/httpImage/image.jpg_gen/derivatives/16x9_620/ontario-forest-fires-water-bomber.jpg,2020-08-14T15:22:24.8031448Z,"Members of the community of Red Lake Ont., continue to be dispersed throughout the northwestern Ontario region as a forest fire, about two kilometres outside of the town, rages on.
Despite challengi… [+2693 chars]"
62,Engadget,,Google stops responding to data requests from Hong Kong authorities,Google will no longer respond directly to data requests from Hong Kong authorities.,https://www.engadget.com/google-hong-kong-stops-data-requests-134700801.html?utm_campaign=homepage&amp;utm_medium=internal&amp;utm_source=dl,https://o.aolcdn.com/images/dims?resize=1200%2C630&crop=1200%2C630%2C0%2C0&quality=95&image_uri=https%3A%2F%2Fs.yimg.com%2Fos%2Fcreatr-uploaded-images%2F2020-08%2Fbdae8150-de33-11ea-bbbf-7f0a8743e204&client=amp-blogside-v2&signature=96f56a5545f741e9fe6380051934ad7586ec63f4,2020-08-14T15:22:23.6784234Z,"Until recently, Hong Kong has had an open and free internet, unlike mainland China. Some fear the law has the ability to make individuals and companies remove content. As The Washington Post explains… [+381 chars]"
63,Buzzfeed,"[{""@type"":""Person"",""name"":""Melissa Jameson"",""url"":""https://www.buzzfeed.com/melissaharrison"",""jobTitle"":""BuzzFeed Staff""}]",Here's What Costco Food Courts Serve All Around The World,"I'm fascinated by this, TBH.",https://www.buzzfeed.com/melissaharrison/costco-food-court-menus,"https://img.buzzfeed.com/buzzfeed-static/static/2020-08/13/16/enhanced/09b838f626cd/original-14254-1597335449-9.jpg?crop=2984:1562;13,0%26downsize=1250:*",2020-08-14T15:22:23.6003178Z,"@thatonehungrychick / Via instagram.comThough some US locations removed churros from their food court menus last year, there are rumors they're testing again at select stores and coming back later in… [+5 chars]"
64,CBC News,CBC News,Health officials to provide projections for COVID-19 in Canada | CBC News,Federal health officials will provide projections today on the number of COVID-19 cases in Canada.,http://www.cbc.ca/news/politics/covid19-pandemic-modelling-tam-1.5686250,https://i.cbc.ca/1.5508591.1585095956!/cpImage/httpImage/image.jpg_gen/derivatives/16x9_620/covid-cda-20200324.jpg,2020-08-14T15:22:21.2571523Z,"Federal health officials will provide projections today on the number of COVID-19 cases in Canada.
Chief Public Health Officer Dr. Theresa Tam will hold a news conference in Ottawa beginning at noon… [+1191 chars]"
65,Business Insider,Aaron Holmes,Apple made $360 million from 'Fortnite' in-app purchases - Business Insider,"Epic Games, the maker of ""Fortnite,"" sued Apple and Google on Thursday over their 30% commissions on in-app purchases.",http://www.businessinsider.com/apple-made-360-million-from-fortnite-in-app-purchases-2020-8,https://i.insider.com/5f369493e89ebf001f044870?width=1200&format=jpeg,2020-08-14T15:20:10Z,"Before Epic Games sued Apple over its App Store fees, it was a cash cow for the tech giant, bringing in $360 million in revenue for Apple through its ""Fortnite"" app alone.
A brewing conflict between… [+1931 chars]"
66,Business Insider (UK),Aaron Holmes,Apple made $360 million from 'Fortnite' in-app purchases - Business Insider,"Epic Games, the maker of ""Fortnite,"" sued Apple and Google on Thursday over their 30% commissions on in-app purchases.",http://uk.businessinsider.com/apple-made-360-million-from-fortnite-in-app-purchases-2020-8,https://i.insider.com/5f369493e89ebf001f044870?width=1200&format=jpeg,2020-08-14T15:20:10Z,"Before Epic Games sued Apple over its App Store fees, it was a cash cow for the tech giant, bringing in $360 million in revenue for Apple through its ""Fortnite"" app alone.
A brewing conflict between… [+1931 chars]"
67,The Wall Street Journal,Michael C. Bender,President Trump to Be Featured Each Day of GOP Convention,Plan is a departure from previous nominating events when candidates were showcased on the final night,https://www.wsj.com/articles/president-trump-to-be-featured-each-day-of-gop-convention-11597418436?mod=hp_lead_pos7,https://images.wsj.net/im-220992/social,2020-08-14T15:20:00Z,"WASHINGTONPresident Trump will be featured each day of the Republican National Convention, say officials involved in planning it, a departure from previous nominating events when candidates were show… [+334 chars]"
68,RTE,RTÉ News,"NI records 74 new Covid-19 cases, one further death",The Department of Health in Northern Ireland has said 74 new cases of Covid-19 have been identified.,https://www.rte.ie/news/ulster/2020/0814/1159218-covid-northern-ireland/,https://img.rasset.ie/00142987-1600.jpg,2020-08-14T15:19:13Z,"The Department of Health in Northern Ireland has said 74 new cases of Covid-19 have been identified.
There has also been one further death confirmed in the past 24 hours.
The person who died is und… [+1108 chars]"
69,Breitbart News,Hannah Bleau,Biden Campaign Raises $48M in 48 Hours After Adding Kamala Harris,The Biden campaign raised $48 million in the 48 hours following Joe Biden's announcement of Sen. Kamala Harris as his running mate.,http://www.breitbart.com/politics/2020/08/14/biden-campaign-raises-48-million-48-hours-adding-kamala-harris/,https://media.breitbart.com/media/2020/08/Biden-looks-back-introduces-Kamala-Harris-ap-640x335.jpg,2020-08-14T15:18:14Z,"The Biden campaign has raised $48 million in the 48 hours following Joe Biden’s (D) announcement of Sen. Kamala Harris (D-CA) as his running mate, Reuters reported on Thursday.
After weeks of specul… [+1750 chars]"
70,The Hill,Brett Samuels,Trump to visit younger brother in the hospital | TheHill,"President Trump will visit his brother, Robert Trump, in the hospital on Friday prior to spending...",http://thehill.com/homenews/administration/512025-trump-to-visit-younger-brother-in-the-hospital,https://thehill.com/sites/default/files/trumpdonald2_08132020getty_0.jpg,2020-08-14T15:15:49Z,
71,CNN,"Jason Morris and Jay Croft, CNN",Report: White House task force urged Georgia to mandate masks as it warned of expanding Covid-19 spread,"Georgia's current policies to fight Covid-19 are not enough, according to White House Coronavirus Task Force recommendations dated Sunday and obtained by The Atlanta Journal Constitution.",http://us.cnn.com/2020/08/14/us/report-white-house-georgia-mask-mandate/index.html,https://cdn.cnn.com/cnnnext/dam/assets/190506103219-brian-kemp-file-12132018-super-tease.jpg,2020-08-14T15:15:00Z,
72,News24,,Cele mum on whether liquor and tobacco bans will be lifted soon,Police Minister Bheki Cele would not be drawn into speculation over whether the lockdown levels would be lowered soon and the alcohol and tobacco ban lifted.,https://www.news24.com/news24/SouthAfrica/News/cele-mum-on-whether-liquor-and-tobacco-bans-will-be-lifted-soon-20200814,https://cdn.24.co.za/files/Cms/General/d/8931/544d4b4ab3e14a53a4a7618d99964a1c.jpg,2020-08-14T15:13:41+00:00,<ul><li>The Cabinet has been advised to lift the tobacco and alcohol sales ban and move the country to Level 2 of the lockdown. </li><li>Police Minister Bheki Cele would not be drawn into commenting … [+1999 chars]
73,Associated Press,PIPER HUDSPETH BLACKBURN,Rural families without internet face tough choice on school,"BEATTYVILLE, Ky. (AP) — John Ross worries about his children returning to their classrooms this fall with coronavirus cases rising in Kentucky, but he feels he doesn't have much of a choice: His...",https://apnews.com/9d43c7de3b9506695e57b9dcf8dc8870,,2020-08-14T15:13:14Z,
74,Bloomberg,,Unibail Said to Weigh $3.5 Billion Equity Raise Amid Mall Slump,,https://www.bloomberg.com/news/articles/2020-08-14/unibail-said-to-weigh-3-5-billion-equity-raise-amid-mall-slump,,2020-08-14T15:13:00+00:00,
75,The Irish Times,Molly Blackall,‘It’s like a war’: Belarusians describe terrifying week of crackdown,Peaceful protests against election widely seen as fraudulent led to mass beatings and arrests,https://www.irishtimes.com/							/news/world/europe/it-s-like-a-war-belarusians-describe-terrifying-week-of-crackdown-1.4330423	,https://www.irishtimes.com/image-creator/?id=1.4330421&origw=1440,2020-08-14T15:12:34Z,"Twenty-three-year-old Danya* was sitting with her brother and his wife in Minsks Independence Square on Monday, when men dressed in black forced them into a van.
The trio were wearing white ribbons,… [+6519 chars]"
76,News24,,"Teacher unions poll: Improvement in access to water, sanitiser delivery",Teacher unions have conducted another poll as they monitor and assess schools' readiness to reopen amid the Covid-19 pandemic.,https://www.news24.com/news24/SouthAfrica/News/teacher-unions-poll-improvement-in-access-to-water-sanitiser-delivery-20200814,https://cdn.24.co.za/files/Cms/General/d/10408/02e5cb9bac6841b6a218515ab01ac6a2.jpg,2020-08-14T15:12:15+00:00,<ul><li>Sixty-two percent of schools that took part in the poll have indicated that they are confident that matrics will be able to complete the curriculum to write their final exams.</li><li>Schools… [+4010 chars]
77,The Next Web,David Canellis,‘Netflix of China’ stock tanks amid SEC probe into billion-dollar fraud allegations,"The US Securities and Exchange Commission (SEC) is investigating Baidu’s iQiyi (IQ), aka “the Netflix of China,” after an activist crew of short sellers alleged the video streaming platform cooks its books. “The SEC‘s Division of Enforcement is seeking the pr…",https://thenextweb.com/hardfork/2020/08/14/baidu-iqiyi-netflix-china-fraud-allegations-wolfpack-sec-investigation-stock/,https://img-cdn.tnwcdn.com/image/hardfork?filter_last=1&fit=1280%2C640&url=https%3A%2F%2Fcdn0.tnwcdn.com%2Fwp-content%2Fblogs.dir%2F1%2Ffiles%2F2020%2F08%2Fiqsec.jpg&signature=82f3e9767471f7ca6839e3559e3d7118,2020-08-14T15:11:48Z,"The US Securities and Exchange Commission (SEC) is investigating Baidus iQiyi (IQ), aka the Netflix of China, after an activist crew of short sellers alleged the video streaming platform cooks its bo… [+2654 chars]"
78,Business Insider,Taylor Borden,"Montenegro, Cyprus: Secondary citizenship in high demand amid pandemic - Business Insider","Interest in acquiring citizenship through investment has been surging — specifically for Montenegro, which has seen a 142% increase in applications.",http://www.businessinsider.com/montenegro-cyprus-secondary-citizenship-high-demand-pandemic-ultrawealthy-passports-2020-8,https://i.insider.com/5f3683a1e89ebf001f04483c?width=1200&format=jpeg,2020-08-14T15:10:49Z,
79,Business Insider (UK),Taylor Borden,"Montenegro, Cyprus: Secondary citizenship in high demand amid pandemic - Business Insider","Interest in acquiring citizenship through investment has been surging — specifically for Montenegro, which has seen a 142% increase in applications.",http://uk.businessinsider.com/montenegro-cyprus-secondary-citizenship-high-demand-pandemic-ultrawealthy-passports-2020-8,https://i.insider.com/5f3683a1e89ebf001f04483c?width=1200&format=jpeg,2020-08-14T15:10:49Z,
80,The Hindu,Ananth Krishnan,"LAC standoff | Completing disengagement will require reciprocal actions, says India",India’s Ambassador to China Vikram Misri meets PLA Major General Ci Guowei in Beijing and brief him on “India’s stance vis-à-vis the situation on the borders in eastern Ladakh”.,https://www.thehindu.com/news/national/lac-standoff-completing-disengagement-will-require-reciprocal-actions-says-india/article32357666.ece,https://www.thehindu.com/news/national/5grcb4/article32357665.ece/ALTERNATES/LANDSCAPE_615/MISRI,2020-08-14T15:08:06Z,"Indias Ambassador to China Vikram Misri held talks with Chinas top military body, the Central Military Commission (CMC), in Beijing on Friday, amid an acknowledgement from Delhi that completing the s… [+3302 chars]"
81,IGN,Brian Barnett,Preorder the V for Vendetta Exclusive Giftset Bundle Now on Amazon - IGN,"Right now you can preorder a 4K UHD, Blu-ray, and Digital bundle of V for Vendetta on Amazon.",https://www.ign.com/articles/preorder-the-v-for-vendetta-exclusive-giftset-bundle-now-on-amazon,https://assets1.ignimgs.com/2020/08/14/v-gift-set-1597417474630.jpg?width=1280,2020-08-14T15:08:02Z,"""Remember, remember, the 5th of November."""
82,Buzzfeed,"[{""@type"":""Person"",""name"":""Emma McAnaw"",""url"":""https://www.buzzfeed.com/emmamcanaw"",""jobTitle"":""BuzzFeed Staff""}]","Happy Friday Everyone, Satisfyer's Most Popular Sex Toys Are Up To 40% Off On Amazon",30% off *the* famous Satisfyer Pro 2 just cannot be passed up.,https://www.buzzfeed.com/emmamcanaw/satisfyer-sale-amazon,"https://img.buzzfeed.com/buzzfeed-static/static/2020-08/14/12/enhanced/7dfec083a6dd/original-1191-1597408226-2.jpg?crop=3794:1992;0,0%26downsize=1250:*",2020-08-14T15:07:27.9686125Z,
83,CNN,,'It's nothing new.' Cooper rolls the tape on Trump birtherism  - CNN Video,"CNN's Anderson Cooper shows footage from ""Anderson Cooper 360"" from April 2011 showing Donald Trump promoting a conspiracy theory that then President Barrack Obama was not born in the US, just as he's doing now with vice presidential nominee Sen. Kamala Harri…",http://us.cnn.com/videos/politics/2020/08/14/trump-kamala-harris-birtherism-kth-cooper-sot-ac360-vpx.cnn,https://cdn.cnn.com/cnnnext/dam/assets/200813205407-anderson-cooper-kth-08132020-super-tease.jpg,2020-08-14T15:07:27.421874Z,Chat with us in Facebook Messenger. Find out what's happening in the world as it unfolds.
84,Buzzfeed,Christopher Miller,Belarus Is Detaining Thousands Of Peaceful Protesters,"“They said if they were given an order to kill us, they would kill us all without any hesitation,” 16-year-old Miron Vitushka, who was detained by police, told BuzzFeed News.",https://www.buzzfeednews.com/article/christopherm51/belarus-protesters-detained-police-abuse-lukashenko,"https://img.buzzfeed.com/buzzfeed-static/static/2020-08/14/14/asset/7dfec083a6dd/sub-buzz-1354-1597415186-9.jpg?crop=1599:837;0,114",2020-08-14T15:07:21.6733042Z,"KYIV People detained across Belarus this week say they were tortured physically and psychologically by the police forces loyal to the authoritarian regime of Alexander Lukashenko while in custody.
M… [+6426 chars]"
85,Buzzfeed,Adolfo Flores,"Ken Cuccinelli, Chad Wolf Appointment Invalid, Watchdog Says",The Trump administration has long been criticized for putting high level officials on a temporary or acting basis.,https://www.buzzfeednews.com/article/adolfoflores/watchdog-report-chad-wolf-ken-cuccinelli-appointment-invalid,https://img.buzzfeed.com/buzzfeed-static/static/2020-08/14/15/campaign_images/321da839a842/a-government-watchdog-report-says-the-trumps-admi-2-16221-1597417590-10_dblbig.jpg,2020-08-14T15:07:19.1583052Z,A government watchdog report published Friday found that the appointment of two top Department of Homeland Security (DHS) officials who have been at the center of the Trump administration's immigrati… [+1511 chars]
86,ABC News,Alexander Mallin,"After Trump suggests impatience, Barr teases 'development' in Durham probe",,https://abcnews.go.com/Politics/trump-suggests-impatience-barr-teases-development-durham-probe/story?id=72372884,https://s.abcnews.com/images/Politics/barr-gty-er-200810_1597090456498_hpMain_2_16x9_992.jpg,2020-08-14T15:05:49Z,"Attorney General William Barr announced a new ""development"" in U.S. Attorney John Durham's investigation into the origins of the Russia probe will be coming Friday, just hours after President Trump s… [+4591 chars]"
87,Google News,Kevin Breuninger,"Obama rips Trump administration for 'suppressing the vote' amid pandemic, urges early voting","The U.S. Postal Service ""can't be collateral damage for an administration more concerned with suppressing the vote than suppressing a virus,"" Obama said on Twitter.",https://www.cnbc.com/2020/08/14/obama-rips-trump-for-suppressing-the-vote-amid-pandemic-urges-early-voting.html,https://image.cnbcfm.com/api/v1/image/106664042-15974168312020-07-30t175815z_296526731_rc2t3i9359ng_rtrmadp_0_people-john-lewis-georgia.jpeg?v=1597416875,2020-08-14T15:04:00+00:00,"Former President Barack Obama slammed President Donald Trump on Friday, accusing his administration of undermining the U.S. Postal Service and attempting to suppress votes during the coronavirus pand… [+3690 chars]"
88,ESPN,Kevin SeifertESPN Staff Writer ,"Five on-field NFL officials, two replay officials opt out of season, source says","Five on-field officials and two replay officials have opted out of the 2020 NFL season, a source told ESPN's Kevin Seifert.",http://espn.go.com/nfl/story/_/id/29660931/five-field-nfl-officials-two-replay-officials-opt-season-source-says,https://a1.espncdn.com/combiner/i?img=%2Fphoto%2F2016%2F0701%2Fr98819_1296x729_16%2D9.jpg,2020-08-14T15:03:03Z,"Five NFL game officials and two replay officials have opted out of the 2020 season because of the coronavirus pandemic, a source said Friday morning.
The voluntary decisions, in conjunction with an … [+553 chars]"
89,The Irish Times,"Jack Horgan-Jones, Shauna Bowers",Tipperary mushroom plant suspends work as staff test positive for Covid-19,Walsh’s Mushrooms in Golden finds 11 workers have contracted virus after testing,https://www.irishtimes.com/news/ireland/irish-news/tipperary-mushroom-plant-suspends-work-as-staff-test-positive-for-covid-19-1.4330407,https://www.irishtimes.com/image-creator/?id=1.4330405&origw=1440,2020-08-14T15:01:37Z,"A mushroom plant in Co Tipperary has suspended operations after a number of workers tested positive for Covid-19.
The plant confirmed that it had a single positive test in recent days, with more pos… [+1993 chars]"
90,MTV News,MTV News Staff,How Evanescence's Amy Lee Became A Voice For The Unheard,New single 'Use Your Voice' displays what's been true throughout the band's career: Lee can't be silenced,http://www.mtv.com/news/3168757/evanescence-amy-lee-interview-use-your-voice/,https://mtv.mtvnimages.com/uri/mgid:ao:image:mtv.com:694177?quality=0.8&format=jpg&width=1440&height=810&.jpg,2020-08-14T15:00:46Z,"By Erica Russell
When Evanescence first broke out in 2003, no one really knew what to make of them.
Despite rising on the Billboard Hot 100 and Top 40 charts and scoring five Grammy nominations (in… [+8002 chars]"
91,The Wall Street Journal,Jason Zweig,"This Fund Is Up 7,298% in 10 Years. You Don’t Want It.","A leveraged fund that goes by its ticker, TQQQ, triples the daily upside of the Nasdaq 100 index. Only trouble is, it also triples the downside.",https://www.wsj.com/articles/this-fund-is-up-7-298-in-10-years-you-dont-want-it-11597417224?mod=hp_lead_pos11,https://images.wsj.net/im-220736/social,2020-08-14T15:00:00Z,"Few funds in history can rival the returns of ProShares UltraPro QQQ, a $7 billion exchange-traded fund that seeks to triple the daily performance of the Nasdaq 100 index.
Yet fewer can rival its ri… [+146 chars]"
92,The Huffington Post,Ryan Grenoble,Donald Trump's Brother Robert Hospitalized In New York,"The president's younger brother is ""very ill,"" sources told ABC News.",https://www.huffpost.com/entry/donald-trump-brother-robert-hospitalized_n_5f36a418c5b69fa9e2faea69,https://img.huffingtonpost.com/asset/5f36a5bf1f0000e5e8339b5f.jpeg?cache=V3qUtaKbDR&ops=1200_630,2020-08-14T14:58:45Z,"President Donald Trump’s younger brother, Robert Trump, is hospitalized in New York.
White House press secretary Kayleigh McEnany confirmed the news to ABC News. The outlet described Robert’s condit… [+75 chars]"
93,Google News (UK),https://www.facebook.com/bbcnews,Trump 'abhorrent' for fuelling Harris conspiracy,The Biden campaign issues a scathing response after Mr Trump spreads false information about Kamala Harris.,https://www.bbc.co.uk/news/election-us-2020-53783177,https://ichef.bbci.co.uk/news/1024/branded_news/14004/production/_113942918_hi062889185.jpg,2020-08-14T14:58:05+00:00,"Image copyrightReutersImage caption
 Joe Biden named Kamala Harris his running mate - she is the first woman of colour on a major party ticket
The campaign team for Democratic White House candidate… [+5752 chars]"
94,BBC News,BBC News,Trump 'abhorrent' for fuelling Harris conspiracy,The Biden campaign issues a scathing response after Mr Trump spreads false information about Kamala Harris.,http://www.bbc.co.uk/news/election-us-2020-53783177,https://ichef.bbci.co.uk/news/1024/branded_news/14004/production/_113942918_hi062889185.jpg,2020-08-14T14:56:31Z,"Image copyrightReutersImage caption
 Joe Biden named Kamala Harris his running mate - she is the first woman of colour on a major party ticket
The campaign team for Democratic White House candidate… [+5752 chars]"
95,Ars Technica,Kiona N. Smith,"People slept on comfy grass beds 200,000 years ago",The earliest members of our species slept on piles of grass alongside warm hearth fires.,https://arstechnica.com/science/2020/08/people-slept-on-comfy-grass-beds-200000-years-ago/,https://cdn.arstechnica.net/wp-content/uploads/2020/08/1077px-Border_Cave00-760x380.jpg,2020-08-14T14:56:23+00:00,"21 with 21 posters participating
Fragments of glassy petrified grass and microscopic traces of plant material, dating to around 200,000 years ago, are all thats left of a Paleolithic hunter-gatherer… [+4452 chars]"
96,TechCrunch,Brian Heater,Researchers explore sound to help improve robotic perception,Robots primarily rely on two basic senses: vision and touch. But even the latter still has a long ways to go to get up to the speed with the former. Researchers at Carnegie Mellon University are looking to hearing as a potential additional sense to help machi…,https://techcrunch.com/2020/08/14/researchers-explore-sound-to-help-improve-robotic-perception/,https://techcrunch.com/wp-content/uploads/2020/08/tilt-bot.jpg?w=714,2020-08-14T14:56:15Z,Robots primarily rely on two basic senses: vision and touch. But even the latter still has a long ways to go to get up to the speed with the former. Researchers at Carnegie Mellon University are look… [+1375 chars]
97,News24,,Those in power need to examine themselves - Ramaphosa at struggle stalwart John Nkadimeng's funeral,"""Now more than ever, we have to stand united in our quest to restore our country to its founding values values that Ntate John Nkadimeng lived by,"" Ramaphosa eulogised.",https://www.news24.com/news24/SouthAfrica/News/those-in-power-need-to-examine-themselves-ramaphosa-at-struggle-stalwart-john-nkadimengs-funeral-20200814,https://cdn.24.co.za/files/Cms/General/d/10416/75547e88f1374c05a7dd23089a7147f5.jpg,2020-08-14T14:55:30+00:00,<ul><li>The 93-year-old stalwart died on 6 August. </li><li>He received a special official funeral which was held at the Marks Park Sports Club in Johannesburg on 14 August.</li><li>Ramaphosa describ… [+4979 chars]
98,The Verge,Taylor Lyles,Ubisoft fires former Assassin’s Creed Valhalla creative director following an investigation,Ashraf Ismail’s employment has been terminated at Ubisoft. Ismail was previously the creative director for Assassin’s Creed Valhalla before stepping down from his position in June after accusations of professional misconduct surfaced online.,https://www.theverge.com/2020/8/14/21368787/ubisoft-fires-former-assassins-creed-valhalla-creative-director-ashraf-ismail-allegations-misconduct,https://cdn.vox-cdn.com/thumbor/av-YuYmmOvQ4mtboFUzJwxM93d8=/0x146:2040x1214/fit-in/1200x630/cdn.vox-cdn.com/uploads/chorus_asset/file/16309953/acastro_190528_1777_ubisoft_0002.0.jpg,2020-08-14T14:55:12Z,"And new allegations have surfaced against additional Ubisoft employees
Illustration by Alex Castro / The Verge
Ashraf Ismail, the former creative director for Assassins Creed Valhalla, has been fir… [+2095 chars]"
99,Fortune,Lucinda Shen,Fortnite maker accuses Apple of being “more pernicious than the monopolists of yesteryear” in a lawsuit,The company behind Fortnite is suing Apple. And have you seen its Nineteen Eighty Fortnite video?,https://fortune.com/2020/08/14/fortnite-maker-accuses-apple-of-being-more-pernicious-than-the-monopolists-of-yesteryear-in-a-lawsuit/,"https://content.fortune.com/wp-content/uploads/2020/08/GettyImages-1162847877.jpg?resize=1200,600",2020-08-14T14:53:20Z,
